{"lenin":{"download":665.46,"wire":"wired","wifi":null,"ping":2.06214285714286,"upload":611.655714285714}}