{"lenin":{"wire":"wired","download":905.787142857143,"wifi":null,"ping":2.04871428571429,"upload":929.701428571429}}