{"lenin":{"upload":641.495714285714,"download":657.53,"wire":"wired","ping":2.17657142857143,"wifi":null}}