{"lenin":{"wire":"wired","download":665.188571428571,"upload":609.368571428571,"ping":2.10742857142857,"wifi":null}}