{"lenin":{"wifi":null,"upload":602.947142857143,"ping":2.092,"download":638.432857142857,"wire":"wired"}}